bucket,bucket_start,bucket_end,picked_frame,var_of_laplacian
0,0,15,14,679.924
1,15,29,17,696.466
2,29,44,29,582.545
3,44,59,58,276.977
4,59,73,65,400.394
5,73,88,76,431.226
6,88,103,93,431.718
7,103,117,115,388.534
8,117,132,130,353.113
9,132,147,132,341.065
10,147,161,154,269.391
11,161,176,161,243.918
12,176,191,190,96.320
13,191,205,203,104.730
14,205,220,210,181.364
15,220,235,234,68.561
16,235,249,246,163.514
17,249,264,263,111.100
18,264,279,278,212.887
19,279,293,287,336.849
20,293,308,304,289.122
21,308,323,312,280.734
22,323,337,336,327.598
23,337,352,344,417.647
24,352,367,355,557.215
25,367,381,380,285.890
26,381,396,385,364.861
27,396,411,397,217.120
28,411,425,411,181.675
29,425,440,438,231.841
30,440,455,441,234.992
31,455,469,455,149.457
32,469,484,483,234.097
33,484,499,485,312.676
34,499,513,512,199.517
35,513,528,523,208.461
36,528,543,541,328.018
37,543,557,543,323.823
38,557,572,567,286.048
39,572,586,579,300.444
40,586,601,586,209.091
41,601,616,613,288.325
42,616,630,627,277.920
43,630,645,644,317.184
44,645,660,646,330.258
45,660,674,669,137.647
46,674,689,681,101.250
47,689,704,691,56.992
48,704,718,717,52.146
49,718,733,729,99.049
50,733,748,733,100.639
51,748,762,760,155.503
52,762,777,774,272.880
53,777,792,790,154.464
54,792,806,792,110.132
55,806,821,818,173.979
56,821,836,824,182.312
57,836,850,836,103.311
58,850,865,864,81.315
59,865,880,879,133.605
60,880,894,885,176.864
61,894,909,908,231.090
62,909,924,915,268.828
63,924,938,926,194.376
64,938,953,951,187.156
65,953,968,960,202.370
66,968,982,968,119.570
67,982,997,982,85.480
68,997,1012,1008,99.782
69,1012,1026,1014,89.579
70,1026,1041,1029,424.709
71,1041,1056,1055,111.427
72,1056,1070,1069,125.628
73,1070,1085,1074,161.240
74,1085,1100,1097,91.861
75,1100,1114,1104,151.022
76,1114,1129,1118,139.451
77,1129,1144,1143,37.802
78,1144,1158,1146,68.326
79,1158,1173,1172,154.702
80,1173,1188,1182,291.711
81,1188,1202,1195,266.508
82,1202,1217,1202,130.871
83,1217,1232,1228,363.629
84,1232,1246,1233,322.282
85,1246,1261,1259,135.614
86,1261,1276,1261,81.362
87,1276,1290,1287,90.629
88,1290,1305,1304,100.254
89,1305,1320,1315,189.622
90,1320,1334,1333,145.751
91,1334,1349,1338,184.377
92,1349,1364,1359,188.584
93,1364,1378,1364,125.983
94,1378,1393,1391,87.355
95,1393,1408,1400,149.291
96,1408,1422,1421,62.710
97,1422,1437,1436,69.079
98,1437,1452,1449,204.881
99,1452,1466,1465,173.992
100,1466,1481,1474,281.164
101,1481,1496,1488,154.198
102,1496,1510,1505,202.936
103,1510,1525,1515,223.190
104,1525,1540,1526,186.416
105,1540,1554,1540,30.648
106,1554,1569,1556,21.066
107,1569,1584,1583,26.272
108,1584,1598,1587,61.068
109,1598,1613,1601,15.516
110,1613,1628,1625,119.437
111,1628,1642,1630,129.345
112,1642,1657,1644,101.325
113,1657,1672,1657,105.568
114,1672,1686,1685,53.484
115,1686,1701,1686,61.712
116,1701,1716,1711,168.742
117,1716,1730,1725,131.040
118,1730,1745,1735,110.189
119,1745,1760,1759,134.295
120,1760,1774,1773,272.195
121,1774,1789,1774,234.243
122,1789,1803,1796,199.183
123,1803,1818,1811,78.115
124,1818,1833,1828,214.146
125,1833,1847,1833,142.351
126,1847,1862,1859,102.136
127,1862,1877,1867,157.341
128,1877,1891,1877,110.173
129,1891,1906,1905,521.430
130,1906,1921,1920,929.647
131,1921,1935,1922,942.948
132,1935,1950,1935,757.533
133,1950,1965,1959,603.831
134,1965,1979,1965,410.696
135,1979,1994,1980,212.923
136,1994,2009,2007,187.610
137,2009,2023,2012,206.462
138,2023,2038,2034,177.834
139,2038,2053,2052,134.991
140,2053,2067,2058,298.045
141,2067,2082,2079,826.300
142,2082,2097,2082,696.417
143,2097,2111,2101,567.597
144,2111,2126,2122,152.083
145,2126,2141,2134,193.925
146,2141,2155,2152,590.621
147,2155,2170,2159,532.696
148,2170,2185,2177,1283.235
149,2185,2199,2194,1132.528
150,2199,2214,2213,1282.304
151,2214,2229,2214,1371.424
152,2229,2243,2237,1238.904
153,2243,2258,2257,263.013
154,2258,2273,2272,766.301
155,2273,2287,2286,684.488
156,2287,2302,2298,808.105
157,2302,2317,2303,693.268
158,2317,2331,2328,551.218
159,2331,2346,2336,570.782
160,2346,2361,2351,649.766
161,2361,2375,2367,384.383
162,2375,2390,2389,276.282
163,2390,2405,2404,297.719
164,2405,2419,2418,435.774
165,2419,2434,2432,542.277
166,2434,2449,2435,539.260
167,2449,2463,2449,386.534
168,2463,2478,2464,214.125
169,2478,2493,2491,397.811
170,2493,2507,2493,514.085
171,2507,2522,2508,253.401
172,2522,2537,2531,153.518
173,2537,2551,2546,274.699
174,2551,2566,2565,556.903
175,2566,2581,2579,846.771
176,2581,2595,2591,900.865
177,2595,2610,2609,927.165
178,2610,2625,2612,905.906
179,2625,2639,2626,744.342
180,2639,2654,2639,696.716
181,2654,2669,2654,514.568
182,2669,2683,2681,610.220
183,2683,2698,2697,840.729
184,2698,2713,2711,1302.891
185,2713,2727,2714,1357.865
186,2727,2742,2741,1097.007
187,2742,2757,2746,1281.751
188,2757,2771,2758,963.519
189,2771,2786,2779,1021.009
190,2786,2801,2792,845.070
191,2801,2815,2801,584.873
192,2815,2830,2828,759.428
193,2830,2845,2833,766.746
194,2845,2859,2858,1073.753
195,2859,2874,2860,1244.471
196,2874,2889,2874,972.745
197,2889,2903,2889,713.600
198,2903,2918,2903,550.249
199,2918,2932,2929,450.354
200,2932,2947,2945,492.605
201,2947,2962,2955,481.616
202,2962,2976,2971,420.870
203,2976,2991,2990,990.384
204,2991,3006,2994,1000.053
205,3006,3020,3015,165.093
206,3020,3035,3030,576.957
207,3035,3050,3037,597.048
208,3050,3064,3055,540.023
209,3064,3079,3069,570.956
210,3079,3094,3083,685.820
211,3094,3108,3107,331.997
212,3108,3123,3108,341.362
213,3123,3138,3137,381.234
214,3138,3152,3138,408.040
215,3152,3167,3166,889.795
216,3167,3182,3175,929.387
217,3182,3196,3187,954.326
218,3196,3211,3204,498.778
219,3211,3226,3213,617.656
220,3226,3240,3226,435.664
221,3240,3255,3253,248.946
222,3255,3270,3267,286.592
223,3270,3284,3283,317.512
224,3284,3299,3297,547.617
225,3299,3314,3313,582.062
226,3314,3328,3327,606.284
227,3328,3343,3332,645.817
228,3343,3358,3357,675.232
229,3358,3372,3361,699.824
230,3372,3387,3386,707.401
231,3387,3402,3389,718.659
232,3402,3416,3404,490.783
233,3416,3431,3420,533.274
234,3431,3446,3440,303.893
235,3446,3460,3459,264.770
236,3460,3475,3467,349.023
237,3475,3490,3478,275.766
238,3490,3504,3490,193.862
239,3504,3519,3514,89.412
240,3519,3534,3533,68.920
241,3534,3548,3544,113.001
242,3548,3563,3556,136.225
243,3563,3578,3563,165.047
244,3578,3592,3591,334.748
245,3592,3607,3600,380.203
246,3607,3622,3621,474.635
247,3622,3636,3622,461.659
248,3636,3651,3636,363.770
249,3651,3666,3665,260.108
250,3666,3680,3675,1037.141
251,3680,3695,3680,1178.666
252,3695,3710,3709,1166.507
253,3710,3724,3722,1446.311
254,3724,3739,3734,1591.996
255,3739,3754,3750,1689.869
256,3754,3768,3767,1665.302
257,3768,3783,3778,1715.933
258,3783,3798,3790,1740.734
259,3798,3812,3806,1769.615
260,3812,3827,3812,1705.489
261,3827,3842,3830,522.445
262,3842,3856,3855,591.694
263,3856,3871,3861,677.366
264,3871,3886,3871,528.960
265,3886,3900,3899,405.541
266,3900,3915,3905,396.172
267,3915,3930,3927,659.032
268,3930,3944,3930,290.503
269,3944,3959,3958,447.327
270,3959,3974,3966,963.350
271,3974,3988,3982,1287.092
272,3988,4003,3992,1263.710
273,4003,4018,4005,1132.199
274,4018,4032,4024,468.095
275,4032,4047,4040,504.770
276,4047,4062,4056,373.359
277,4062,4076,4065,276.248
278,4076,4091,4086,168.087
279,4091,4106,4091,125.545
280,4106,4120,4118,240.362
281,4120,4135,4133,304.220
282,4135,4149,4145,359.502
283,4149,4164,4152,365.959
284,4164,4179,4177,690.414
285,4179,4193,4191,625.494
286,4193,4208,4194,601.312
287,4208,4223,4222,303.256
288,4223,4237,4236,384.009
289,4237,4252,4251,743.046
290,4252,4267,4263,1610.149
291,4267,4281,4279,1803.655
292,4281,4296,4281,2004.097
293,4296,4311,4305,2550.249
294,4311,4325,4323,2619.209
295,4325,4340,4325,2447.839
296,4340,4355,4353,1569.829
297,4355,4369,4363,1790.449
298,4369,4384,4371,1843.734
299,4384,4399,4385,972.745
300,4399,4413,4400,322.632
301,4413,4428,4427,754.057
302,4428,4443,4430,839.818
303,4443,4457,4453,854.527
304,4457,4472,4457,757.066
305,4472,4487,4472,692.118
306,4487,4501,4487,532.767
307,4501,4516,4510,509.817
308,4516,4531,4516,368.747
309,4531,4545,4542,394.621
310,4545,4560,4555,402.516
311,4560,4575,4564,421.696
312,4575,4589,4586,438.114
313,4589,4604,4602,572.549
314,4604,4619,4607,600.590
315,4619,4633,4626,554.235
316,4633,4648,4635,554.170
317,4648,4663,4655,297.354
318,4663,4677,4676,511.972
319,4677,4692,4691,846.859
320,4692,4707,4701,1066.039
321,4707,4721,4713,1146.716
322,4721,4736,4721,1081.934
323,4736,4751,4749,1032.695
324,4751,4765,4757,1135.276
325,4765,4780,4777,1118.932
326,4780,4795,4793,1139.973
327,4795,4809,4795,1100.252
328,4809,4824,4809,748.530
329,4824,4839,4836,700.265
330,4839,4853,4852,802.192
331,4853,4868,4855,671.702
332,4868,4883,4870,184.262
333,4883,4897,4896,152.469
334,4897,4912,4897,150.641
335,4912,4927,4926,116.580
336,4927,4941,4940,235.949
337,4941,4956,4952,394.375
338,4956,4971,4968,620.222
339,4971,4985,4977,1006.148
340,4985,5000,4999,1412.605
341,5000,5015,5008,2270.738
342,5015,5029,5019,2902.768
343,5029,5044,5029,2652.061
344,5044,5059,5044,1861.806
345,5059,5073,5069,2007.900
346,5073,5088,5078,1241.002
347,5088,5103,5102,1342.327
348,5103,5117,5103,1411.794
349,5117,5132,5119,1130.867
350,5132,5147,5144,818.994
351,5147,5161,5148,698.194
352,5161,5176,5161,408.647
353,5176,5191,5189,383.355
354,5191,5205,5202,408.767
355,5205,5220,5219,545.199
356,5220,5235,5221,606.587
357,5235,5249,5238,561.717
358,5249,5264,5250,384.404
359,5264,5278,5275,404.270
360,5278,5293,5278,399.702
361,5293,5308,5293,298.071
362,5308,5322,5313,246.294
363,5322,5337,5331,453.086
364,5337,5352,5347,464.168
365,5352,5366,5355,490.423
366,5366,5381,5377,384.107
367,5381,5396,5385,355.470
368,5396,5410,5399,265.086
369,5410,5425,5424,341.478
370,5425,5440,5425,337.447
371,5440,5454,5440,236.339
372,5454,5469,5461,238.320
373,5469,5484,5470,171.921
374,5484,5498,5496,196.682
375,5498,5513,5505,346.209
376,5513,5528,5527,326.305
377,5528,5542,5529,392.061
378,5542,5557,5542,133.769
379,5557,5572,5559,122.348
380,5572,5586,5576,185.943
381,5586,5601,5586,81.361
382,5601,5616,5606,77.053
383,5616,5630,5629,67.790
384,5630,5645,5644,111.894
385,5645,5660,5650,152.781
386,5660,5674,5660,138.206
387,5674,5689,5686,383.317
388,5689,5704,5696,412.366
389,5704,5718,5717,898.798
390,5718,5733,5732,1040.279
391,5733,5748,5746,1335.223
392,5748,5762,5760,1589.189
393,5762,5777,5776,1831.886
394,5777,5792,5786,2033.680
395,5792,5806,5792,1498.920
396,5806,5821,5820,1314.967
397,5821,5836,5830,2307.538
398,5836,5850,5837,2121.121
399,5850,5865,5850,1916.583
400,5865,5880,5866,1416.906
401,5880,5894,5890,1225.833
402,5894,5909,5894,1212.528
403,5909,5924,5909,641.044
404,5924,5938,5924,268.734
405,5938,5953,5943,149.036
406,5953,5968,5957,192.637
407,5968,5982,5979,261.551
408,5982,5997,5996,495.275
409,5997,6012,6008,592.342
410,6012,6026,6013,501.256
411,6026,6041,6038,770.523
412,6041,6056,6041,677.755
413,6056,6070,6069,810.614
414,6070,6085,6079,851.672
415,6085,6100,6085,766.683
416,6100,6114,6102,722.726
417,6114,6129,6114,637.060
418,6129,6144,6143,433.657
419,6144,6158,6157,644.851
420,6158,6173,6168,724.714
421,6173,6188,6182,798.314
422,6188,6202,6191,408.214
423,6202,6217,6207,611.020
424,6217,6232,6231,497.185
425,6232,6246,6245,939.566
426,6246,6261,6246,890.913
427,6261,6276,6275,1296.506
428,6276,6290,6289,2316.463
429,6290,6305,6298,2666.893
430,6305,6320,6305,1802.087
431,6320,6334,6320,373.162
432,6334,6349,6334,175.656
433,6349,6364,6363,44.739
434,6364,6378,6372,187.615
435,6378,6393,6391,80.881
436,6393,6408,6404,143.465
437,6408,6422,6418,229.069
438,6422,6437,6435,250.902
439,6437,6452,6450,401.253
440,6452,6466,6455,431.595
441,6466,6481,6476,405.342
442,6481,6495,6491,580.859
443,6495,6510,6497,566.185
444,6510,6525,6510,423.324
445,6525,6539,6526,127.364
446,6539,6554,6550,256.150
447,6554,6569,6567,377.087
448,6569,6583,6582,227.756
449,6583,6598,6595,190.291
450,6598,6613,6612,320.051
451,6613,6627,6621,597.924
452,6627,6642,6628,551.944
453,6642,6657,6653,402.563
454,6657,6671,6658,386.332
455,6671,6686,6680,343.532
456,6686,6701,6698,353.156
457,6701,6715,6710,360.545
458,6715,6730,6717,342.800
459,6730,6745,6744,353.726
460,6745,6759,6750,397.610
461,6759,6774,6772,266.371
462,6774,6789,6787,537.258
463,6789,6803,6800,697.570
464,6803,6818,6803,661.270
465,6818,6833,6820,584.142
466,6833,6847,6836,573.969
467,6847,6862,6860,451.651
468,6862,6877,6876,653.587
469,6877,6891,6883,653.897
470,6891,6906,6891,593.343
471,6906,6921,6906,578.950
472,6921,6935,6921,362.811
473,6935,6950,6948,217.680
474,6950,6965,6960,573.642
475,6965,6979,6965,310.205
476,6979,6994,6993,224.349
477,6994,7009,7008,233.752
478,7009,7023,7013,299.018
479,7023,7038,7026,306.018
480,7038,7053,7052,233.819
481,7053,7067,7064,249.756
482,7067,7082,7080,234.956
483,7082,7097,7096,287.283
484,7097,7111,7104,431.557
485,7111,7126,7113,462.506
486,7126,7141,7131,125.128
487,7141,7155,7153,167.201
488,7155,7170,7155,187.328
489,7170,7185,7178,93.548
490,7185,7199,7187,90.065
491,7199,7214,7200,48.620
492,7214,7229,7219,89.573
493,7229,7243,7229,9.675
494,7243,7258,7257,18.466
495,7258,7273,7262,28.090
496,7273,7287,7275,16.833
497,7287,7302,7301,91.974
498,7302,7317,7305,113.949
499,7317,7331,7325,290.686
500,7331,7346,7335,296.501
501,7346,7361,7346,131.730
502,7361,7375,7374,118.963
503,7375,7390,7377,123.496
504,7390,7405,7404,135.039
505,7405,7419,7411,154.708
506,7419,7434,7429,180.781
507,7434,7449,7446,155.573
508,7449,7463,7455,168.423
509,7463,7478,7477,181.044
510,7478,7493,7491,239.137
511,7493,7507,7496,263.829
512,7507,7522,7521,335.008
513,7522,7537,7536,480.321
514,7537,7551,7550,603.517
515,7551,7566,7565,632.070
516,7566,7581,7566,640.659
517,7581,7595,7581,403.177
518,7595,7610,7601,341.422
519,7610,7624,7623,289.931
520,7624,7639,7626,341.848
521,7639,7654,7639,234.656
522,7654,7668,7654,198.437
523,7668,7683,7669,128.869
524,7683,7698,7696,147.619
525,7698,7712,7698,155.896
526,7712,7727,7712,112.249
527,7727,7742,7740,189.699
528,7742,7756,7742,171.094
529,7756,7771,7757,183.907
530,7771,7786,7785,164.489
531,7786,7800,7791,210.866
532,7800,7815,7814,319.639
533,7815,7830,7817,337.246
534,7830,7844,7830,243.319
535,7844,7859,7858,432.061
536,7859,7874,7873,681.520
537,7874,7888,7878,701.915
538,7888,7903,7888,540.005
539,7903,7918,7917,329.047
540,7918,7932,7931,371.538
541,7932,7947,7932,357.703
542,7947,7962,7956,313.936
543,7962,7976,7969,336.626
544,7976,7991,7990,329.981
545,7991,8006,7994,359.448
546,8006,8020,8007,335.656
547,8020,8035,8021,109.307
548,8035,8050,8049,193.237
549,8050,8064,8063,285.459
550,8064,8079,8078,372.820
551,8079,8094,8089,399.318
552,8094,8108,8095,376.099
553,8108,8123,8109,317.778
554,8123,8138,8125,263.303
555,8138,8152,8141,165.976
556,8152,8167,8159,153.631
557,8167,8182,8178,280.256
558,8182,8196,8195,289.863
559,8196,8211,8204,349.367
560,8211,8226,8219,300.772
561,8226,8240,8239,400.867
562,8240,8255,8241,293.804
563,8255,8270,8266,184.755
564,8270,8284,8282,185.325
565,8284,8299,8298,299.359
566,8299,8314,8307,398.710
567,8314,8328,8319,237.636
568,8328,8343,8339,341.176
569,8343,8358,8343,242.676
570,8358,8372,8360,260.283
571,8372,8387,8380,297.673
572,8387,8402,8387,41.891
573,8402,8416,8414,23.487
574,8416,8431,8429,309.905
575,8431,8446,8438,522.607
576,8446,8460,8446,219.047
577,8460,8475,8460,40.615
578,8475,8490,8482,31.464
579,8490,8504,8503,65.119
580,8504,8519,8504,63.899
581,8519,8534,8533,124.101
582,8534,8548,8547,163.672
583,8548,8563,8553,265.926
584,8563,8578,8571,232.805
585,8578,8592,8578,212.206
586,8592,8607,8597,117.142
587,8607,8622,8621,357.330
588,8622,8636,8635,420.941
589,8636,8651,8650,523.057
590,8651,8666,8651,508.141
591,8666,8680,8670,337.042
592,8680,8695,8681,317.199
593,8695,8710,8701,340.861
594,8710,8724,8710,226.821
595,8724,8739,8729,238.393
596,8739,8754,8745,158.617
597,8754,8768,8764,195.926
598,8768,8783,8778,266.506
599,8783,8798,8785,285.562
600,8798,8812,8806,192.183
601,8812,8827,8819,294.811
602,8827,8841,8827,183.259
603,8841,8856,8855,104.427
604,8856,8871,8869,111.717
605,8871,8885,8880,251.107
606,8885,8900,8899,449.692
607,8900,8915,8913,930.136
608,8915,8929,8927,936.149
609,8929,8944,8937,1000.532
610,8944,8959,8944,939.592
611,8959,8973,8969,884.006
612,8973,8988,8973,561.651
613,8988,9003,9002,661.708
614,9003,9017,9004,560.003
615,9017,9032,9022,620.831
616,9032,9047,9034,144.840
617,9047,9061,9047,112.880
618,9061,9076,9073,110.272
619,9076,9091,9090,163.053
620,9091,9105,9092,191.044
621,9105,9120,9105,62.844
622,9120,9135,9120,24.906
623,9135,9149,9139,34.853
624,9149,9164,9163,39.877
625,9164,9179,9173,322.162
626,9179,9193,9192,481.861
627,9193,9208,9205,819.269
628,9208,9223,9219,1079.202
629,9223,9237,9232,1092.471
630,9237,9252,9237,802.733
631,9252,9267,9255,795.017
632,9267,9281,9277,878.755
633,9281,9296,9286,871.220
634,9296,9311,9309,756.548
635,9311,9325,9312,775.026
636,9325,9340,9326,681.192
637,9340,9355,9340,548.313
638,9355,9369,9359,299.773
639,9369,9384,9374,232.881
640,9384,9399,9395,265.922
641,9399,9413,9399,225.820
642,9413,9428,9414,190.808
643,9428,9443,9430,195.226
644,9443,9457,9445,180.370
645,9457,9472,9457,178.941
646,9472,9487,9486,162.658
647,9487,9501,9497,254.671
648,9501,9516,9501,244.180
649,9516,9531,9517,178.599
650,9531,9545,9544,110.704
651,9545,9560,9551,205.675
652,9560,9575,9569,230.680
653,9575,9589,9583,221.030
654,9589,9604,9601,225.865
655,9604,9619,9618,283.225
656,9619,9633,9631,301.080
657,9633,9648,9633,291.052
658,9648,9663,9648,251.570
659,9663,9677,9666,70.285
660,9677,9692,9677,37.288
661,9692,9707,9706,111.397
662,9707,9721,9716,206.714
663,9721,9736,9721,119.988
664,9736,9751,9741,96.235
665,9751,9765,9760,121.976
666,9765,9780,9778,178.809
667,9780,9795,9783,192.323
668,9795,9809,9807,341.162
669,9809,9824,9823,473.392
670,9824,9839,9828,619.128
671,9839,9853,9839,432.293
672,9853,9868,9853,428.321
673,9868,9883,9882,324.085
674,9883,9897,9887,419.888
675,9897,9912,9911,294.602
676,9912,9927,9925,488.260
677,9927,9941,9927,473.306
678,9941,9956,9941,350.217
679,9956,9970,9956,223.318
680,9970,9985,9984,146.865
681,9985,10000,9996,247.716
682,10000,10014,10003,252.102
683,10014,10029,10028,255.540
684,10029,10044,10037,334.019
685,10044,10058,10051,244.845
686,10058,10073,10067,305.275
687,10073,10088,10087,209.192
688,10088,10102,10101,287.593
689,10102,10117,10116,332.208
690,10117,10132,10117,321.824
691,10132,10146,10143,333.163
692,10146,10161,10146,131.692
693,10161,10176,10174,66.648
694,10176,10190,10181,39.686
695,10190,10205,10204,85.623
696,10205,10220,10206,98.289
697,10220,10234,10228,58.058
698,10234,10249,10239,89.947
699,10249,10264,10263,48.929
700,10264,10278,10276,211.396
701,10278,10293,10282,302.711
702,10293,10308,10303,142.708
703,10308,10322,10318,509.172
704,10322,10337,10322,364.521
705,10337,10352,10351,234.860
706,10352,10366,10355,314.998
707,10366,10381,10369,310.892
708,10381,10396,10393,123.163
709,10396,10410,10407,147.146
710,10410,10425,10424,226.502
711,10425,10440,10434,395.731
712,10440,10454,10445,446.995
713,10454,10469,10466,273.524
714,10469,10484,10474,311.012
715,10484,10498,10497,263.833
716,10498,10513,10511,377.738
717,10513,10528,10523,438.012
718,10528,10542,10541,521.371
719,10542,10557,10552,709.838
720,10557,10572,10569,719.132
721,10572,10586,10574,679.837
722,10586,10601,10596,837.875
723,10601,10616,10602,704.639
724,10616,10630,10621,846.850
725,10630,10645,10641,938.901
726,10645,10660,10645,700.715
727,10660,10674,10673,728.018
728,10674,10689,10674,714.243
729,10689,10704,10689,688.372
730,10704,10718,10706,581.296
731,10718,10733,10719,319.513
732,10733,10748,10733,262.249
733,10748,10762,10761,263.718
734,10762,10777,10776,285.232
735,10777,10792,10791,391.634
736,10792,10806,10794,402.301
737,10806,10821,10812,404.751
738,10821,10836,10821,354.739
739,10836,10850,10836,218.287
740,10850,10865,10851,141.525
741,10865,10880,10871,129.706
742,10880,10894,10885,80.590
743,10894,10909,10906,72.547
744,10909,10924,10915,96.908
745,10924,10938,10924,58.978
746,10938,10953,10942,76.057
747,10953,10968,10954,38.668
748,10968,10982,10981,74.318
749,10982,10997,10982,78.778
750,10997,11012,11011,127.003
751,11012,11026,11025,369.196
752,11026,11041,11028,366.181
753,11041,11056,11053,45.172
754,11056,11070,11068,97.776
755,11070,11085,11075,214.008
756,11085,11100,11093,223.551
757,11100,11114,11108,296.397
758,11114,11129,11122,301.464
759,11129,11144,11137,395.259
760,11144,11158,11145,357.207
761,11158,11173,11171,318.358
762,11173,11187,11176,581.234
763,11187,11202,11197,488.139
764,11202,11217,11207,473.976
765,11217,11231,11228,310.696
766,11231,11246,11241,504.894
767,11246,11261,11256,410.896
768,11261,11275,11268,348.440
769,11275,11290,11289,433.736
770,11290,11305,11290,580.128
771,11305,11319,11317,544.442
772,11319,11334,11331,722.299
773,11334,11349,11336,262.047
774,11349,11363,11358,502.343
775,11363,11378,11377,621.910
776,11378,11393,11390,557.734
777,11393,11407,11404,1230.056
778,11407,11422,11421,1362.083
779,11422,11437,11424,814.821
780,11437,11451,11450,860.271
781,11451,11466,11453,920.634
782,11466,11481,11473,844.820
783,11481,11495,11485,655.948
784,11495,11510,11509,421.543
785,11510,11525,11513,788.331
786,11525,11539,11532,472.405
787,11539,11554,11541,331.241
788,11554,11569,11568,278.633
789,11569,11583,11580,1031.401
790,11583,11598,11590,1089.768
791,11598,11613,11598,514.575
792,11613,11627,11616,487.507
793,11627,11642,11640,504.377
794,11642,11657,11645,599.312
795,11657,11671,11668,640.573
796,11671,11686,11681,577.189
797,11686,11701,11686,573.075
798,11701,11715,11708,501.228
799,11715,11730,11729,844.685
